Workbook

Sheet Summary
A1: Run date/time: 2026-03-25 08:27:33 | D1: Worksheet Index | E1: Analyzer Version: 5.6.6 Build 20251204
D2: Summary | E2: Command Line Options:
A3: Code Base Details | D3: Job Details | E3: Option | F3: Value
A4: Total Jobs | B4: =SUM(B10:B13) -> 0 | D4: Transformations | E4: -E
A5: Total Nodes | B5: 32 | D5: Jobs Transformations Xref | E5: -F | F5: 10000000000000
D6: Jobs Transformations List | E6: -Q | F6: ALL
D7: Item Node Info | E7: -d | F7: C:/Users/schoudhary/Downloads/Lakebridge_Testing/Shubhankar_WF/Lakebridge_test/Input
D8: Functions | E8: -e | F8: 1
A9: Job Complexity Categorization | D9: Subject Areas | E9: -r | F9: C:\Users\schoudhary\Downloads\Lakebridge_Testing\Shubhankar_WF\Lakebridge_test\Output\report.xlsx
A10: LOW | B10: =COUNTIFS('Job Details'!F:F,"LOW",'Job Details'!D:D,"YES") -> 0 | D10: SQL Statements | E10: -t | F10: ALTERYX
A11: MEDIUM | B11: =COUNTIFS('Job Details'!F:F,"MEDIUM",'Job Details'!D:D,"YES") -> 0 | D11: Combined Checksums | E11: Analyzer run duration:
A12: HIGH | B12: =COUNTIFS('Job Details'!F:F,"HIGH",'Job Details'!D:D,"YES") -> 0 | D12: Transformation Expressions | E12: 0h, 0m, 2s
A13: VERY_HIGH | B13: =COUNTIFS('Job Details'!F:F,"VERY_HIGH",'Job Details'!D:D,"YES") -> 0 | D13: Misc Job Attributes
D14: Embedded SQL Summary
A15: Job Type Count | D15: Embedded SQL Programs
A16: JOB | B16: 1 | D16: Embedded SQL Script Categories
D17: Embedded SQL UNKNOWN Category

Sheet Job Details
A1: Job Name | B1: Folder | C1: Source File | D1: Included | E1: Job Type | F1: Categorization | G1: Number of Nodes | H1: Categorization Metrics | I1: Legacy Checksum | J1: Checksum Extended | K1: LineStart | L1: LineEnd
A2: Testing_POC_FirstWF | B2: C:/Users/schoudhary/Downloads/Lakebridge_Testing/Shubhankar_WF/Lakebridge_test/Input | C2: Testing_POC_FirstWF.yxmd | D2: YES | E2: JOB | F2: HIGH | G2: 32 | H2: Node count w/o annotations: 31, Source count: 0, Target count: 0, Joiner count: 0, Aggregator count: 0, Lookup count: 0, Complex nodes count: 0, Expressions with 5 or more function calls: 0, Medium category breaks: 0, High category breaks: 1 | I2: D3D95366C95428AD3D94957F3D0F9D8F | J2: c20d246a6a59596c52ff1e7372680bc488e69bd515755df945d086caeef4de55e62292560c82985a80bab3f2fc8068c1a7bf90f3d86a967f399242cc48b8be25ca91570e75d92aaf585c610acec6c767

Sheet Transformations
A1: Transformation Type | B1: # of Occurrences | C1: Occurs in # of Jobs | D1: Supported?
A2: AlteryxCtrlContainer | B2: =SUMIFS(INDIRECT("'Jobs Transformations Xref'!"&K2&":"&K2),'Jobs Transformations Xref'!B:B,"YES") -> 0 | C2: =COUNTIFS(INDIRECT("'Jobs Transformations Xref'!"&K2&":"&K2),">=1",'Jobs Transformations Xref'!B:B,"YES") -> 0 | D2: No | J2: =MATCH(A2,'Jobs Transformations Xref'!$1:$1,0) -> 0 | K2: =SUBSTITUTE( ADDRESS(1,J2,4),"1","") -> 0 | M2: 4 | N2: 1
A3: AlteryxFilter | B3: =SUMIFS(INDIRECT("'Jobs Transformations Xref'!"&K3&":"&K3),'Jobs Transformations Xref'!B:B,"YES") -> 0 | C3: =COUNTIFS(INDIRECT("'Jobs Transformations Xref'!"&K3&":"&K3),">=1",'Jobs Transformations Xref'!B:B,"YES") -> 0 | D3: Yes | J3: =MATCH(A3,'Jobs Transformations Xref'!$1:$1,0) -> 0 | K3: =SUBSTITUTE( ADDRESS(1,J3,4),"1","") -> 0 | M3: 3 | N3: 1
A4: AlteryxSelect | B4: =SUMIFS(INDIRECT("'Jobs Transformations Xref'!"&K4&":"&K4),'Jobs Transformations Xref'!B:B,"YES") -> 0 | C4: =COUNTIFS(INDIRECT("'Jobs Transformations Xref'!"&K4&":"&K4),">=1",'Jobs Transformations Xref'!B:B,"YES") -> 0 | D4: Yes | J4: =MATCH(A4,'Jobs Transformations Xref'!$1:$1,0) -> 0 | K4: =SUBSTITUTE( ADDRESS(1,J4,4),"1","") -> 0 | M4: 3 | N4: 1
A5: AlteryxDbFileOutput | B5: =SUMIFS(INDIRECT("'Jobs Transformations Xref'!"&K5&":"&K5),'Jobs Transformations Xref'!B:B,"YES") -> 0 | C5: =COUNTIFS(INDIRECT("'Jobs Transformations Xref'!"&K5&":"&K5),">=1",'Jobs Transformations Xref'!B:B,"YES") -> 0 | D5: Yes | J5: =MATCH(A5,'Jobs Transformations Xref'!$1:$1,0) -> 0 | K5: =SUBSTITUTE( ADDRESS(1,J5,4),"1","") -> 0 | M5: 3 | N5: 1
A6: AlteryxFormula | B6: =SUMIFS(INDIRECT("'Jobs Transformations Xref'!"&K6&":"&K6),'Jobs Transformations Xref'!B:B,"YES") -> 0 | C6: =COUNTIFS(INDIRECT("'Jobs Transformations Xref'!"&K6&":"&K6),">=1",'Jobs Transformations Xref'!B:B,"YES") -> 0 | D6: Yes | J6: =MATCH(A6,'Jobs Transformations Xref'!$1:$1,0) -> 0 | K6: =SUBSTITUTE( ADDRESS(1,J6,4),"1","") -> 0 | M6: 2 | N6: 1
A7: AlteryxBrowseV2 | B7: =SUMIFS(INDIRECT("'Jobs Transformations Xref'!"&K7&":"&K7),'Jobs Transformations Xref'!B:B,"YES") -> 0 | C7: =COUNTIFS(INDIRECT("'Jobs Transformations Xref'!"&K7&":"&K7),">=1",'Jobs Transformations Xref'!B:B,"YES") -> 0 | D7: Yes | J7: =MATCH(A7,'Jobs Transformations Xref'!$1:$1,0) -> 0 | K7: =SUBSTITUTE( ADDRESS(1,J7,4),"1","") -> 0 | M7: 2 | N7: 1
A8: Macro:Cleanse.yxmc | B8: =SUMIFS(INDIRECT("'Jobs Transformations Xref'!"&K8&":"&K8),'Jobs Transformations Xref'!B:B,"YES") -> 0 | C8: =COUNTIFS(INDIRECT("'Jobs Transformations Xref'!"&K8&":"&K8),">=1",'Jobs Transformations Xref'!B:B,"YES") -> 0 | D8: Yes | J8: =MATCH(A8,'Jobs Transformations Xref'!$1:$1,0) -> 0 | K8: =SUBSTITUTE( ADDRESS(1,J8,4),"1","") -> 0 | M8: 2 | N8: 1
A9: AlteryxSummarize | B9: =SUMIFS(INDIRECT("'Jobs Transformations Xref'!"&K9&":"&K9),'Jobs Transformations Xref'!B:B,"YES") -> 0 | C9: =COUNTIFS(INDIRECT("'Jobs Transformations Xref'!"&K9&":"&K9),">=1",'Jobs Transformations Xref'!B:B,"YES") -> 0 | D9: Yes | J9: =MATCH(A9,'Jobs Transformations Xref'!$1:$1,0) -> 0 | K9: =SUBSTITUTE( ADDRESS(1,J9,4),"1","") -> 0 | M9: 2 | N9: 1
A10: AlteryxDbFileInput | B10: =SUMIFS(INDIRECT("'Jobs Transformations Xref'!"&K10&":"&K10),'Jobs Transformations Xref'!B:B,"YES") -> 0 | C10: =COUNTIFS(INDIRECT("'Jobs Transformations Xref'!"&K10&":"&K10),">=1",'Jobs Transformations Xref'!B:B,"YES") -> 0 | D10: Yes | J10: =MATCH(A10,'Jobs Transformations Xref'!$1:$1,0) -> 0 | K10: =SUBSTITUTE( ADDRESS(1,J10,4),"1","") -> 0 | M10: 2 | N10: 1
A11: AlteryxSort | B11: =SUMIFS(INDIRECT("'Jobs Transformations Xref'!"&K11&":"&K11),'Jobs Transformations Xref'!B:B,"YES") -> 0 | C11: =COUNTIFS(INDIRECT("'Jobs Transformations Xref'!"&K11&":"&K11),">=1",'Jobs Transformations Xref'!B:B,"YES") -> 0 | D11: Yes | J11: =MATCH(A11,'Jobs Transformations Xref'!$1:$1,0) -> 0 | K11: =SUBSTITUTE( ADDRESS(1,J11,4),"1","") -> 0 | M11: 2 | N11: 1
A12: AlteryxUnion | B12: =SUMIFS(INDIRECT("'Jobs Transformations Xref'!"&K12&":"&K12),'Jobs Transformations Xref'!B:B,"YES") -> 0 | C12: =COUNTIFS(INDIRECT("'Jobs Transformations Xref'!"&K12&":"&K12),">=1",'Jobs Transformations Xref'!B:B,"YES") -> 0 | D12: Yes | J12: =MATCH(A12,'Jobs Transformations Xref'!$1:$1,0) -> 0 | K12: =SUBSTITUTE( ADDRESS(1,J12,4),"1","") -> 0 | M12: 1 | N12: 1
A13: AlteryxUnique | B13: =SUMIFS(INDIRECT("'Jobs Transformations Xref'!"&K13&":"&K13),'Jobs Transformations Xref'!B:B,"YES") -> 0 | C13: =COUNTIFS(INDIRECT("'Jobs Transformations Xref'!"&K13&":"&K13),">=1",'Jobs Transformations Xref'!B:B,"YES") -> 0 | D13: Yes | J13: =MATCH(A13,'Jobs Transformations Xref'!$1:$1,0) -> 0 | K13: =SUBSTITUTE( ADDRESS(1,J13,4),"1","") -> 0 | M13: 1 | N13: 1
... A18: AlteryxGuiToolkit.ToolContainer.ToolContainer | B18: =SUMIFS(INDIRECT("'Jobs Transformations Xref'!"&K18&":"&K18),'Jobs Transformations Xref'!B:B,"YES") -> 0 | C18: =COUNTIFS(INDIRECT("'Jobs Transformations Xref'!"&K18&":"&K18),">=1",'Jobs Transformations Xref'!B:B,"YES") -> 0 | D18: Yes | J18: =MATCH(A18,'Jobs Transformations Xref'!$1:$1,0) -> 0 | K18: =SUBSTITUTE( ADDRESS(1,J18,4),"1","") -> 0 | M18: 1 | N18: 1

Sheet Jobs Transformations Xref
B1: Included | C1: Job Type | D1: Categorization | E1: Number of Nodes | F1: Priority | G1: AlteryxBrowseV2 | H1: AlteryxCtrlContainer | I1: AlteryxDbFileInput | J1: AlteryxDbFileOutput | K1: AlteryxFilter | L1: AlteryxFormula | M1: AlteryxGuiToolkit.ToolContainer.ToolContainer | N1: AlteryxRegEx | O1: AlteryxSample | P1: AlteryxSelect | Q1: AlteryxSort | R1: AlteryxSummarize | S1: AlteryxTranspose | T1: AlteryxUnion | U1: AlteryxUnique | V1: Macro:Cleanse.yxmc | W1: Macro:SelectRecords.yxmc
A2: Testing_POC_FirstWF | B2: ='Job Details'!D2 -> 0 | C2: ='Job Details'!E2 -> 0 | D2: ='Job Details'!F2 -> 0 | E2: ='Job Details'!G2 -> 0 | G2: 2 | H2: 4 | I2: 2 | J2: 3 | K2: 3 | L2: 2 | M2: 1 | N2: 1 | O2: 1 | P2: 3 | Q2: 2 | R2: 2 | S2: 1 | T2: 1 | U2: 1 | V2: 2 | W2: 1

Sheet Jobs Transformations List
A1: Job | B1: Transformation | C1: Count
A2: Testing_POC_FirstWF | B2: AlteryxBrowseV2 | C2: 2
A3: Testing_POC_FirstWF | B3: AlteryxCtrlContainer | C3: 4
A4: Testing_POC_FirstWF | B4: AlteryxDbFileInput | C4: 2
A5: Testing_POC_FirstWF | B5: AlteryxDbFileOutput | C5: 3
A6: Testing_POC_FirstWF | B6: AlteryxFilter | C6: 3
A7: Testing_POC_FirstWF | B7: AlteryxFormula | C7: 2
A8: Testing_POC_FirstWF | B8: AlteryxGuiToolkit.ToolContainer.ToolContainer | C8: 1
A9: Testing_POC_FirstWF | B9: AlteryxRegEx | C9: 1
A10: Testing_POC_FirstWF | B10: AlteryxSample | C10: 1
A11: Testing_POC_FirstWF | B11: AlteryxSelect | C11: 3
A12: Testing_POC_FirstWF | B12: AlteryxSort | C12: 2
A13: Testing_POC_FirstWF | B13: AlteryxSummarize | C13: 2
... A18: Testing_POC_FirstWF | B18: Macro:SelectRecords.yxmc | C18: 1

Sheet Item Node Info
A1: Item | B1: Node Name | C1: Orig Node Type | D1: Conformed Node Type | E1: Node Order | F1: Subjob Ref | G1: Subjob Lineage
A2: Testing_POC_FirstWF | B2: Formula_21 | D2: TRANSFORMATION
A3: Testing_POC_FirstWF | B3: Sort_12 | D3: SORTER
A4: Testing_POC_FirstWF | B4: Aggregator_27 | D4: AGGREGATOR
A5: Testing_POC_FirstWF | B5: Cleanse_7 | D5: CLEANSE
A6: Testing_POC_FirstWF | B6: Select_10 | D6: FIELD_FILTER
A7: Testing_POC_FirstWF | B7: Cleanse_18 | D7: CLEANSE
A8: Testing_POC_FirstWF | B8: COMP_6
A9: Testing_POC_FirstWF | B9: Union_26 | D9: UNION
A10: Testing_POC_FirstWF | B10: FileInput_17 | D10: SOURCE
A11: Testing_POC_FirstWF | B11: COMP_30
A12: Testing_POC_FirstWF | B12: FileOutput_38 | D12: TARGET
A13: Testing_POC_FirstWF | B13: Browse_4 | D13: REWRITE_TABLE
A14: Testing_POC_FirstWF | B14: Formula_13 | D14: TRANSFORMATION
A15: Testing_POC_FirstWF | B15: Transpose_32 | D15: SIMPLE_UNPIVOT
A16: Testing_POC_FirstWF | B16: Filter_19 | D16: FILTER
A17: Testing_POC_FirstWF | B17: COMP_36
A18: Testing_POC_FirstWF | B18: Sort_20 | D18: SORTER
A19: Testing_POC_FirstWF | B19: Container_8 | D19: CONTAINER
A20: Testing_POC_FirstWF | B20: COMP_35
A21: Testing_POC_FirstWF | B21: COMP_37
A22: Testing_POC_FirstWF | B22: Browse_11 | D22: REWRITE_TABLE
A23: Testing_POC_FirstWF | B23: COMP_23
A24: Testing_POC_FirstWF | B24: Select_22 | D24: FIELD_FILTER
A25: Testing_POC_FirstWF | B25: Aggregator_29 | D25: AGGREGATOR
A26: Testing_POC_FirstWF | B26: FileOutput_34 | D26: TARGET
A27: Testing_POC_FirstWF | B27: FileOutput_39 | D27: TARGET
A28: Testing_POC_FirstWF | B28: Filter_25 | D28: FILTER
A29: Testing_POC_FirstWF | B29: COMP_16
A30: Testing_POC_FirstWF | B30: Select_15 | D30: FIELD_FILTER
A31: Testing_POC_FirstWF | B31: Unique_14 | D31: UNIQUE_ROW
A32: Testing_POC_FirstWF | B32: FileInput_3 | D32: SOURCE
A33: Testing_POC_FirstWF | B33: Filter_5 | D33: FILTER

Sheet Functions
A1: Function | B1: # of Calls

Sheet Subject Areas
A1: Subject Area Name | B1: Subject Area Code | C1: Description

Sheet SQL Statements
A1: Item Name | B1: Node | C1: Complexity | D1: Connection Type | E1: Length | F1: SQL
A2: Testing_POC_FirstWF | B2: FileInput_17 | C2: LOW | D2: EXCEL | E2: 99 | F2: C:\Users\schoudhary\Downloads\Lakebridge_Testing\Shubhankar_WF\StudentPerformance2.xlsx|||`Sheet1$`
A3: Testing_POC_FirstWF | B3: FileInput_3 | C3: LOW | D3: UNKNOWN | E3: 86 | F3: C:\Users\schoudhary\Downloads\Lakebridge_Testing\Shubhankar_WF\StudentsPerformance.csv

Sheet Combined Checksums
A1: ETL Job Name | B1: Level | C1: Extended Checksum
A2: Testing_POC_FirstWF | B2: ETL | C2: c20d246a6a59596c52ff1e7372680bc488e69bd515755df945d086caeef4de55e62292560c82985a80bab3f2fc8068c1a7bf90f3d86a967f399242cc48b8be25ca91570e75d92aaf585c610acec6c767
A3: Testing_POC_FirstWF.FileInput_17 | B3: SQL | C3: 9bc1074106a3e3641bf6bc5768e01f1b5689419680b06f7fc0a75cfcf44f89e91774c30a7915130180bab3f2fc8068c13eb55511ff16dfc8399242cc48b8be25ca91570e75d92aafffeadde2b833605fd2128f97a997fffa37cda934068c470b915073cde218e6fd
A4: Testing_POC_FirstWF.FileInput_3 | B4: SQL | C4: 7f2c7e439098311f642e6666f35a429930f432e3289b3338e1bef1192906342a1774c30a7915130180bab3f2fc8068c13eb55511ff16dfc8399242cc48b8be25ca91570e75d92aafffeadde2b833605fd2128f97a997fffa007537b7686e0873565ef120306811ed

Sheet Transformation Expressions
A1: Job | B1: Transformation | C1: Field | D1: Expression
A2: Testing_POC_FirstWF | B2: Formula_13 | C2: Total Score | D2: [math score] + [reading score] + [writing score]
A3: Testing_POC_FirstWF | B3: Formula_21 | C3: total score | D3: [math score]+[writing score]+[reading score]

Sheet Misc Job Attributes
A1: Job Name | B1: Node | C1: Attribute | D1: Value

Sheet Embedded SQL Summary
A1: Run date/time: 2026-03-25 08:27:33 | D1: Worksheet Index | E1: Analyzer Version: 5.6.6 Build 20251204
D2: Summary | E2: Command Line Options:
A3: Code Base Details | D3: Job Details | E3: Option | F3: Value
A4: Total SQL Scripts | B4: 2 | D4: Transformations | E4: -E
A5: Total FILE Scripts | B5: 2 | D5: Jobs Transformations Xref | E5: -F | F5: 10000000000000
A6: Total DDLs | B6: 0 | D6: Jobs Transformations List | E6: -Q | F6: ALL
A7: Total CTAS Scripts | B7: 0 | D7: Item Node Info | E7: -d | F7: C:/Users/schoudhary/Downloads/Lakebridge_Testing/Shubhankar_WF/Lakebridge_test/Input
A8: Total Tables (in scripts) | B8: 0 | D8: Functions | E8: -e | F8: 1
A9: Total Views | B9: 0 | D9: Subject Areas | E9: -r | F9: C:\Users\schoudhary\Downloads\Lakebridge_Testing\Shubhankar_WF\Lakebridge_test\Output\report.xlsx
A10: Total Materialized Views | B10: 0 | D10: SQL Statements | E10: -t | F10: ALTERYX
A11: Total Indicies | B11: 0 | D11: Combined Checksums | E11: Analyzer run duration:
A12: Total Packages | B12: 0 | D12: Transformation Expressions | E12: 0h, 0m, 9s
A13: Total Procedures | B13: 0 | D13: Misc Job Attributes
A14: Total Functions | B14: 0 | D14: Embedded SQL Summary
A15: Total Triggers | B15: 0 | D15: Embedded SQL Programs
A16: Total Dynamic SQL Calls | B16: 0 | D16: Embedded SQL Script Categories
A17: Total Loops & Cursors | B17: 0 | D17: Embedded SQL UNKNOWN Category
A18: Total Conditionals | B18: 0
A19: Total MLOAD Scripts | B19: 0
A20: Total FLOAD Scripts | B20: 0
A21: Total Lines of Code | B21: 2
A22: Total Duplicated SQL Items | B22: 0
A24: SQL | C24: ETL
A25: Job Complexity Categorization | C25: Procedure or Function
A26: LOW | B26: =COUNTIFS('Embedded SQL Programs'!E:E,"LOW",'Embedded SQL Programs'!C:C,"YES",'Embedded SQL Programs'!L:L,"SQL") -> 0 | C26: =SUMIFS('Embedded SQL Programs'!G:G,'Embedded SQL Programs'!E:E,"LOW",'Embedded SQL Programs'!C:C,"YES",'Embedded SQL Programs'!L:L,"ETL") -> 0
A27: MEDIUM | B27: =COUNTIFS('Embedded SQL Programs'!E:E,"MEDIUM",'Embedded SQL Programs'!C:C,"YES",'Embedded SQL Programs'!L:L,"SQL") -> 0 | C27: =SUMIFS('Embedded SQL Programs'!G:G,'Embedded SQL Programs'!E:E,"MEDIUM",'Embedded SQL Programs'!C:C,"YES",'Embedded SQL Programs'!L:L,"ETL") -> 0
A28: HIGH | B28: =COUNTIFS('Embedded SQL Programs'!E:E,"HIGH",'Embedded SQL Programs'!C:C,"YES",'Embedded SQL Programs'!L:L,"SQL") -> 0 | C28: =SUMIFS('Embedded SQL Programs'!G:G,'Embedded SQL Programs'!E:E,"HIGH",'Embedded SQL Programs'!C:C,"YES",'Embedded SQL Programs'!L:L,"ETL") -> 0
A29: VERY_HIGH | B29: =COUNTIFS('Embedded SQL Programs'!E:E,"VERY_HIGH",'Embedded SQL Programs'!C:C,"YES",'Embedded SQL Programs'!L:L,"SQL") -> 0 | C29: =SUMIFS('Embedded SQL Programs'!G:G,'Embedded SQL Programs'!E:E,"VERY_HIGH",'Embedded SQL Programs'!C:C,"YES",'Embedded SQL Programs'!L:L,"ETL") -> 0

Sheet Embedded SQL Programs
A1: Program Name | B1: Source File | C1: Included | D1: Line Count | E1: Complexity | F1: Statement Count | G1: Procedure And Function Counts | H1: Script Category | I1: Categorization Metrics | J1: Legacy Checksum | K1: Checksum Extended | L1: Script Type
A2: Testing_POC_FirstWF_FileInput_17_EXCEL_1.sql | B2: C:/Users/schoudhary/Downloads/Lakebridge_Testing/Shubhankar_WF/Lakebridge_test/Output/report_SQL_TEMP/Testing_POC_FirstWF_FileInput_17_EXCEL_1.sql | C2: YES | D2: 1 | E2: LOW | F2: 1 | G2: 0 | H2: UNKNOWN | I2: Total Statement count: 1, Conventional Statement count: 1, Simple Statement count: 0, Pivot functions: 0, XML functions: 0, Loops: 0, Medium category breaks: 0, High category breaks: 0 | J2: AC1E23B57397F4028B8A1EE2D221B3ED | K2: 9bc1074106a3e3641bf6bc5768e01f1b5689419680b06f7fc0a75cfcf44f89e91774c30a7915130180bab3f2fc8068c13eb55511ff16dfc8399242cc48b8be25ca91570e75d92aafffeadde2b833605fd2128f97a997fffa37cda934068c470b915073cde218e6fd | L2: SQL
A3: Testing_POC_FirstWF_FileInput_3_UNKNOWN_2.sql | B3: C:/Users/schoudhary/Downloads/Lakebridge_Testing/Shubhankar_WF/Lakebridge_test/Output/report_SQL_TEMP/Testing_POC_FirstWF_FileInput_3_UNKNOWN_2.sql | C3: YES | D3: 1 | E3: LOW | F3: 1 | G3: 0 | H3: UNKNOWN | I3: Total Statement count: 1, Conventional Statement count: 1, Simple Statement count: 0, Pivot functions: 0, XML functions: 0, Loops: 0, Medium category breaks: 0, High category breaks: 0 | J3: F0D240D6AE6F259F9066CA379539E75A | K3: 7f2c7e439098311f642e6666f35a429930f432e3289b3338e1bef1192906342a1774c30a7915130180bab3f2fc8068c13eb55511ff16dfc8399242cc48b8be25ca91570e75d92aafffeadde2b833605fd2128f97a997fffa007537b7686e0873565ef120306811ed | L3: SQL

Sheet Embedded SQL Script Categories
A1: SQL Script Categories | B1: # of Occurrences
A2: UNKNOWN | B2: 2

Sheet Embedded SQL UNKNOWN Category
A1: SQL unknown category scripts | B1: # of Occurrences
A2: C:\Users\schoudhary\Downloads\Lakebridge_Testing\Shubhankar_WF\StudentPerformance2.xlsx|||`Sheet1$`; | B2: 1
A3: C:\Users\schoudhary\Downloads\Lakebridge_Testing\Shubhankar_WF\StudentsPerformance.csv; | B3: 1
